<?xml version="1.0" encoding="UTF-8"?>
<project-private xmlns="http://www.netbeans.org/ns/project-private/1">
    <editor-bookmarks xmlns="http://www.netbeans.org/ns/editor-bookmarks/2" lastBookmarkId="0"/>
    <open-files xmlns="http://www.netbeans.org/ns/projectui-open-files/2">
        <group>
            <file>file:/C:/Users/HP/OneDrive/Documents/NetBeansProjects/antiqueshop1/src/antiqueshop1/dashboardFrame.java</file>
            <file>file:/C:/Users/HP/OneDrive/Documents/NetBeansProjects/antiqueshop1/src/antiqueshop1/FeedbackPage.java</file>
            <file>file:/C:/Users/HP/OneDrive/Documents/NetBeansProjects/antiqueshop1/src/antiqueshop1/Antiqueshop1.java</file>
            <file>file:/C:/Users/HP/OneDrive/Documents/NetBeansProjects/antiqueshop1/src/antiqueshop1/myConnection.java</file>
            <file>file:/C:/Users/HP/OneDrive/Documents/NetBeansProjects/antiqueshop1/src/antiqueshop1/adminlogin.java</file>
            <file>file:/C:/Users/HP/OneDrive/Documents/NetBeansProjects/antiqueshop1/src/antiqueshop1/adminhome.java</file>
            <file>file:/C:/Users/HP/OneDrive/Documents/NetBeansProjects/antiqueshop1/src/antiqueshop1/login.java</file>
            <file>file:/C:/Users/HP/OneDrive/Documents/NetBeansProjects/antiqueshop1/src/antiqueshop1/RegisterForm.java</file>
            <file>file:/C:/Users/HP/OneDrive/Documents/NetBeansProjects/antiqueshop1/src/antiqueshop1/ProductListApp.java</file>
            <file>file:/C:/Users/HP/OneDrive/Documents/NetBeansProjects/antiqueshop1/src/antiqueshop1/ProductUpdateApp.java</file>
            <file>file:/C:/Users/HP/OneDrive/Documents/NetBeansProjects/antiqueshop1/src/antiqueshop1/FeedbackViewer.java</file>
            <file>file:/C:/Users/HP/OneDrive/Documents/NetBeansProjects/antiqueshop1/src/antiqueshop1/LoginForm.java</file>
            <file>file:/C:/Users/HP/OneDrive/Documents/NetBeansProjects/antiqueshop1/src/antiqueshop1/Userpurchasedata.java</file>
            <file>file:/C:/Users/HP/OneDrive/Documents/NetBeansProjects/antiqueshop1/src/antiqueshop1/Newdashboard.java</file>
            <file>file:/C:/Users/HP/OneDrive/Documents/NetBeansProjects/antiqueshop1/src/antiqueshop1/menuJFrame.java</file>
            <file>file:/C:/Users/HP/OneDrive/Documents/NetBeansProjects/antiqueshop1/src/antiqueshop1/homePage.java</file>
            <file>file:/C:/Users/HP/OneDrive/Documents/NetBeansProjects/antiqueshop1/src/antiqueshop1/AboutUsPage.java</file>
        </group>
    </open-files>
</project-private>
